82,211,0,0,4.52914946e-02,1.40449418e-01,-2.51784326e+00
82,-211,0,0,1.15908502e-01,3.42000612e-01,-2.04432261e+01
82,-211,0,0,9.26785350e-02,-3.66189829e-01,-1.69620202e+01
83,-211,0,0,3.10108248e-01,-1.47632352e+00,-4.62296099e+01
83,321,0,0,-8.27080365e-01,-7.94491577e-01,-3.48552163e+01
84,-321,0,0,1.56025018e-01,4.00036291e-01,-1.06989855e+01
84,211,0,0,5.79353206e-01,-1.24911657e-01,-1.06828093e+01
83,-211,0,0,2.79032084e-01,6.30769731e-01,-3.74235271e+01
83,-211,0,0,7.33011191e-01,3.72451740e-01,-6.60463652e+01
84,321,0,0,-1.15881691e+00,1.35916038e-01,-4.22622672e+01
83,211,0,0,2.37446888e+00,2.62769342e-02,-4.96464219e+01
84,-211,0,0,2.21352930e-01,-8.93268657e-02,-3.60037585e+00
83,-211,0,0,1.15702675e-01,-1.91724194e-01,-1.00820200e+01
84,211,0,0,-6.19429153e-01,3.20470332e-02,-4.16343622e+01
83,321,0,0,3.43781598e+00,-4.97771480e-01,-1.53440966e+02
84,211,0,0,-1.80461962e-01,3.72813014e-01,-3.41996277e+01
84,-211,0,0,4.75342569e-01,3.06331602e-01,-3.43790005e+01
83,-211,0,0,2.53354668e-01,-2.99208854e-02,-3.10698963e+00
84,211,0,0,4.84384225e-01,-1.77516818e-01,-2.28742617e+01
84,211,0,0,-2.25353654e-01,-1.70714041e-02,-1.60194956e+01
83,-211,0,0,8.88152486e-02,-5.33161108e-01,-4.50919775e+01
83,321,0,0,-4.20621172e-01,3.37148563e-01,-6.32860939e+00
83,-321,0,0,-2.44084027e-01,-1.19235025e-01,-4.28043312e+00
83,211,0,0,2.21612218e-01,-4.03106000e-01,-3.76019021e+01
83,211,0,0,-1.45928475e-01,4.91212762e-01,-3.03718207e+01
84,-321,0,0,-1.78746893e+00,-9.72892373e-01,-6.71493660e+01
84,-321,0,0,-3.53218599e-01,-5.05494340e-02,-4.06349352e+00
83,-2212,0,0,-2.34563649e-01,-1.61047600e+00,-1.32440755e+02
84,211,0,0,-7.84621406e-02,1.09212524e-01,-4.06918290e+00
84,-211,0,0,3.20081836e-01,-1.47157017e+00,-5.98316314e+01
84,-3122,0,0,-2.17216529e+00,-7.90243278e-01,-2.89211292e+01
84,-2112,0,0,-1.64949349e+00,6.63962265e-01,-4.53672483e+01
84,-211,0,0,-1.65560686e+00,1.23457545e+00,-2.80407143e+01
84,321,0,0,-8.66169349e-01,1.37829845e-01,-3.16510360e+01
84,-321,0,0,-1.02317435e+00,2.38940020e-01,-6.21950755e+01
84,211,0,0,-5.48977321e-01,3.89663908e-02,-3.00622772e+01
84,-211,0,0,-1.16025651e+00,-2.71167807e-01,-8.95114397e+01
84,321,0,0,5.81416082e-01,3.98374237e-01,-7.84136522e+00
84,-211,0,0,-6.45473273e-01,2.65761903e-01,-2.81862443e+01
83,2212,0,0,7.86492107e-01,-1.15591090e+00,-1.71355286e+01
83,-2112,0,0,1.72580900e+00,-3.26451766e+00,-4.43073456e+01
83,-211,0,0,3.71724212e-02,-8.76428315e-01,-8.60713084e+00
84,211,0,0,-2.15717095e-01,9.87161668e-01,-1.18813122e+01
83,3222,0,0,1.12742701e-01,1.46543987e+00,-2.84033662e+01
83,-3312,0,0,4.15605413e-01,2.47654872e+00,-2.75629309e+01
83,-321,0,0,6.37854975e-01,2.92177676e-01,-8.94568847e+00
84,-211,0,0,2.68427688e-01,6.48752256e-01,-7.38333624e+00
84,3122,0,0,8.89344423e-02,2.93591601e-01,-3.39095687e+00
84,-211,0,0,-9.59881792e-02,-1.22951983e-02,-7.16903472e+00
83,211,0,0,-3.64881099e-01,-1.63076580e-01,-3.98059710e+00
84,-211,0,0,8.10058452e-02,2.21076710e-01,-2.83575581e+00
83,-3322,0,0,-5.31647684e-01,-2.73984943e-01,-2.74112142e+01
83,-321,0,0,7.81782357e-01,-1.37790261e-01,-1.80403179e+01
83,211,0,0,5.27526001e-01,-7.92663464e-01,-2.92199579e+01
84,-211,0,0,-8.83630792e-01,2.37946297e-01,-3.26483877e+01
84,211,0,0,-2.01479591e-01,-6.06658027e-01,-8.09661457e+00
84,-2112,0,0,-8.43043268e-01,-3.07678415e-01,-1.51827802e+01
84,-211,0,0,-4.97474343e-01,-1.89583557e-01,-7.39647569e+00
83,2112,0,0,-1.27279229e+00,3.10957411e-01,-3.75329685e+01
83,-3122,0,0,-6.13516474e-01,7.42835420e-01,-6.93596535e+01
84,211,0,0,1.25009985e+00,2.49518813e+00,-1.60172325e+02
83,-3112,0,0,-9.85905610e-01,-5.11403028e-01,-1.43186070e+01
84,211,0,0,-4.28169636e-02,-1.42492340e-01,-6.20628353e+00
84,-2112,0,0,-2.80310977e-01,-2.64393835e-01,-2.22131350e+01
84,-211,0,0,1.69773691e-01,-5.51974313e-02,-4.19333859e+00
83,211,0,0,-5.73501561e-01,4.16497589e-01,-1.78120168e+01
83,2112,0,0,-1.18426565e+00,2.53378042e+00,-1.73423374e+02
84,-2212,0,0,-1.15811233e+00,1.21872258e-01,-8.37537168e+01
84,2112,0,0,2.44398035e-01,3.18398166e-01,-6.41579745e+00
84,-321,0,0,2.74607980e-01,-2.79113189e-01,-3.19585228e+01
84,211,0,0,-5.21168498e-01,1.26444908e-01,-1.33670907e+01
84,2112,0,0,1.12881153e+00,4.97227544e-01,-5.47765063e+01
84,-2212,0,0,9.84146734e-02,-1.15185612e-01,-1.11602126e+01
83,-211,0,0,4.41865093e-01,-2.87053863e-01,-9.87871175e+00
83,-321,0,0,3.70534676e-01,1.90457848e-01,-6.02311699e+00
83,2212,0,0,-3.10630358e+00,-1.45108754e+00,-4.33737995e+01
84,-2212,0,0,2.99585323e-01,1.23627948e-01,-1.35709177e+01
84,211,0,0,-5.61240569e-01,2.03452366e-01,-9.15826856e+00
83,211,0,0,-1.46668781e-01,1.77920476e-02,-4.77249371e+00
83,-211,0,0,-9.61685508e-01,2.36970778e-01,-1.44507880e+01
83,-211,0,0,-1.13720474e+00,9.69260225e-01,-2.54780660e+01
83,-211,0,0,-6.18753251e-01,-9.50174136e-02,-3.79615477e+01
83,211,0,0,-8.00912127e-01,4.65137833e-02,-4.38792997e+01
84,2212,0,0,5.84947206e-01,1.66910439e-01,-4.32315288e+01
84,-2212,0,0,5.24729775e-01,1.80976012e-01,-3.39258359e+01
84,211,0,0,1.98511039e-01,1.30982285e-01,-1.44570417e+01
83,211,0,0,-4.30531747e-01,1.23770018e+00,-4.97668905e+01
86,211,0,0,-1.17318523e-01,-1.65810231e-02,-1.62421423e+00
86,-211,0,0,-7.98811491e-02,6.14137069e-02,-3.33645444e+00
83,-2112,0,0,4.37962857e-02,2.57986958e-01,-6.06980072e+00
83,2112,0,0,9.02710010e-01,1.75750933e+00,-4.86108865e+01
83,-2212,0,0,6.03946377e-01,8.74080150e-01,-2.56514895e+01
83,-211,0,0,-5.48071527e-01,-1.05475092e-01,-3.31801075e+01
84,3122,0,0,1.23414393e+00,-1.01200006e+00,-1.17703502e+02
83,211,0,0,1.78429029e-01,-7.88880432e-02,-2.06172112e+00
84,211,0,0,5.16976253e-02,-4.19964336e-02,-7.62954453e-01
84,-211,0,0,-2.63275201e-01,1.16360825e-02,-4.29298526e+00
84,211,0,0,-9.32389746e-01,9.63018053e-01,-1.90634290e+01
84,211,0,0,1.97804743e-01,-1.49787845e-02,-7.53560570e+00
84,-211,0,0,1.24051085e-01,8.50592584e-02,-1.07057163e+01
84,211,0,0,5.93754902e-01,-1.30354142e+00,-3.03045929e+01
84,-211,0,0,1.28249391e-01,-4.19552872e-01,-2.48476998e+01
84,211,0,0,-2.95009758e-01,-1.54097183e-01,-4.60168113e+00
83,-211,0,0,-1.32403368e-01,8.97974884e-02,-8.04369931e+00
83,2112,0,0,-8.87153078e-01,8.62337049e-01,-1.32676851e+01
83,-211,0,0,-3.81764574e-01,7.39148883e-01,-8.33330434e+00
83,2112,0,0,4.32495430e-01,-2.08916416e-02,-3.18911852e+01
84,-211,0,0,-3.84602695e-02,1.09365237e-01,-1.42896916e+00
84,321,0,0,-8.16929364e-03,1.20091574e-01,-2.62416999e+00
83,211,0,0,-6.30626731e-02,5.06834904e-01,-4.05041064e+01
83,-211,0,0,-5.19819810e-01,5.05008528e-01,-2.76654184e+01
83,321,0,0,5.88982936e-01,6.30860651e-01,-3.32787693e+01
84,2212,0,0,7.67614100e-02,-1.82523223e-01,-8.87012436e+00
84,-2112,0,0,7.34336236e-01,1.22406835e+00,-7.34652845e+01
83,211,0,0,-7.98929950e-02,-3.35614619e-02,-1.72845863e+00
83,-211,0,0,-6.66639810e-03,-3.16816025e-01,-3.96924934e+00
83,2112,0,0,1.17968038e+00,9.43423389e-01,-1.66253389e+01
83,-2112,0,0,2.90956057e-01,1.07887951e+00,-2.92654584e+01
83,-321,0,0,-2.75028639e-02,1.78927648e+00,-4.11799018e+01
84,211,0,0,-1.03117723e-01,-2.91085774e-01,-1.41409832e+01
83,-211,0,0,1.09578416e+00,-2.70494354e-01,-1.41879037e+01
83,-2112,0,0,9.20874321e-01,-1.07346625e-01,-9.44426042e+00
83,211,0,0,8.67672047e-02,-3.29515460e-01,-2.36509192e+01
84,211,0,0,5.10744689e-01,4.00392862e-01,-1.39617692e+01
83,211,0,0,-6.93412810e-01,-2.91594817e+00,-1.03146276e+02
83,-211,0,0,3.25456407e-01,-2.91073935e-01,-2.01608717e+01
83,211,0,0,-1.98104374e-02,-4.15826234e-01,-8.79018824e+00
83,-211,0,0,-7.75979230e-02,4.43108452e-02,-1.02426586e+00
83,321,0,0,9.08665714e-01,5.50746441e-01,-1.25726016e+01
83,211,0,0,-1.48219361e-01,4.19573751e-01,-4.72732972e+00
83,2212,0,0,-5.46130696e-01,3.38867148e-01,-5.02620689e+01
83,211,0,0,5.90683645e-01,-6.76751463e-01,-1.42436163e+01
83,211,0,0,1.22384984e+00,7.67816030e-01,-2.34977721e+01
83,-211,0,0,5.88678273e-01,6.95995033e-01,-7.25186738e+01
84,-211,0,0,3.95645783e-03,-3.63603286e-01,-4.80999245e+00
83,-211,0,0,-4.62923661e-01,8.30180774e-02,-5.06893615e+00
83,-321,0,0,2.44489445e-01,1.02415398e-01,-1.16180746e+01
83,211,0,0,-1.18821782e+00,6.67874682e-01,-8.85719995e+01
84,321,0,0,1.75382176e-01,-4.39237893e-01,-1.05122330e+01
84,211,0,0,5.09384269e-02,-2.33923516e-02,-1.15750815e+00
84,2212,0,0,-1.26295288e-01,8.22195982e-02,-2.28386166e+00
84,-2212,0,0,6.87969475e-01,-9.28659384e-03,-1.71501539e+01
84,211,0,0,1.02192580e+00,-3.03365418e-01,-1.53190853e+01
83,-211,0,0,-3.13734596e-01,4.49513571e-01,-1.98014328e+01
83,211,0,0,5.12877776e-01,6.83929533e-02,-2.66984588e+01
84,-321,0,0,-1.15189613e-02,3.55879030e-01,-1.64071248e+01
84,-211,0,0,-5.49588361e-01,-1.88894605e-01,-1.24698846e+01
84,-211,0,0,-2.88511551e-01,1.82863766e-03,-3.31326814e+00
84,-2212,0,0,1.86991060e-01,-1.73926642e-02,-4.00151958e+00
83,2112,0,0,4.05423683e-01,-2.97928083e-01,-1.02170019e+01
83,-2112,0,0,2.86174764e-01,2.76768873e-01,-4.13578540e+00
83,-211,0,0,1.23955666e+00,-1.02491916e+00,-2.16903822e+01
84,211,0,0,-6.53185886e-01,-1.78307688e-01,-1.08679653e+01
84,321,0,0,-1.31340987e-01,-5.28952114e-01,-1.13830265e+01
84,2212,0,0,-9.15513293e-02,1.45368415e-01,-1.91708335e+00
83,2212,0,0,1.37098261e+00,1.09922689e-01,-1.99844743e+01
84,-2212,0,0,1.63244905e+00,1.17864801e+00,-5.91715722e+01
84,211,0,0,1.34092640e+00,-1.00275894e+00,-4.97115510e+01
83,321,0,0,3.68996488e-01,2.99494103e-01,-1.87944412e+01
83,-3222,0,0,1.80054528e-01,-1.80927597e-02,-6.04608618e+00
83,2112,0,0,-6.69676775e-01,7.30437407e-01,-1.10944023e+01
84,-211,0,0,5.94919220e-01,5.77340330e-01,-3.49582106e+01
84,-211,0,0,1.52500964e+00,-1.48503009e-01,-9.40446736e+01
83,211,0,0,-1.40275802e-01,1.60903387e-01,-1.16692728e+01
83,-211,0,0,-9.03429940e-01,3.08772292e-01,-6.47094941e+01
83,211,0,0,3.69845669e-01,-2.17079045e-01,-2.74373980e+01
83,-211,0,0,3.59846960e-01,-3.84536742e-01,-1.40901446e+01
83,-2112,0,0,-4.81505390e-01,-3.01857166e-01,-8.66080315e+00
84,-211,0,0,-1.51271388e-01,8.64084067e-03,-8.56590262e+00
84,321,0,0,-1.09728533e+00,-3.05804160e-01,-6.30840235e+01
84,211,0,0,-1.52392497e-01,2.01579774e-01,-3.07269753e+00
84,-211,0,0,5.12645713e-01,3.17635213e-01,-7.90575297e+00
84,321,0,0,4.10559185e-02,-7.81694438e-01,-5.35576651e+01
83,-211,0,0,7.65794177e-02,4.28336093e-01,-3.33297264e+01
83,-211,0,0,-7.34793289e-01,2.64699402e-01,-1.91697197e+01
83,-321,0,0,-8.35398132e-01,1.98078276e-01,-4.58288020e+01
83,211,0,0,-4.14713597e-01,2.71850734e-01,-2.66303064e+01
84,-211,0,0,-1.53679280e-01,-8.43110059e-01,-6.30600122e+01
84,-211,0,0,8.43346144e-02,3.81723291e-03,-8.62834792e-01
84,211,0,0,3.90015819e-01,-1.19253901e-01,-1.69785154e+01
84,-211,0,0,1.40812557e+00,-4.07107676e-01,-1.90532122e+01
83,-3222,0,0,4.93965224e-01,-5.25650465e-01,-5.19157536e+01
83,211,0,0,1.02505611e-01,6.37392876e-02,-1.01811102e+01
84,-211,0,0,3.22314397e-01,-7.58474954e-02,-4.48734644e+00
84,2212,0,0,4.02278266e-01,-3.08131562e-01,-9.82659229e+00
83,2112,0,0,-9.96368114e-03,1.90778132e-01,-6.43514722e+00
83,211,0,0,-5.44807307e-01,8.65845139e-01,-1.59352451e+01
83,2112,0,0,-6.76605452e-01,1.20229583e+00,-1.90710110e+01
83,-2112,0,0,2.56698886e-01,3.59542833e-02,-1.37111067e+01
83,211,0,0,3.65068110e-01,-1.21958329e+00,-3.27024621e+01
84,211,0,0,2.32629354e-01,-1.38148683e-02,-2.70192130e+00
83,211,0,0,5.56567851e-01,-1.13759014e+00,-7.25647649e+01
83,321,0,0,1.58830169e-01,-3.40080595e-02,-1.30785191e+01
83,-211,0,0,1.08046175e+00,2.23921193e-01,-2.41148841e+01
84,211,0,0,-1.38927878e-01,-4.85573431e-01,-7.71645228e+00
84,-211,0,0,-1.72887260e-01,-1.67130571e-01,-3.64563446e+00
83,211,0,0,-3.75255966e-01,6.35146428e-02,-1.00728661e+01
84,-211,0,0,-1.10556154e+00,-3.02802251e-01,-2.06040062e+01
84,211,0,0,-7.96947275e-01,-1.58756599e-02,-1.74845027e+01
83,321,0,0,4.65260663e-01,-9.54261080e-02,-6.21816839e+00
84,211,0,0,1.17663635e+00,7.55832880e-01,-2.47045003e+01
84,211,0,0,2.64567332e-02,-9.14272125e-01,-1.10474901e+01
84,2112,0,0,5.08712846e-01,-1.66626501e+00,-2.58681850e+01
84,-2212,0,0,9.07801748e-01,-1.66496542e+00,-3.08056560e+01
84,2212,0,0,-6.55312371e-01,-7.52470356e-02,-5.34108076e+01
84,-2112,0,0,-4.61451705e-01,1.81253035e-01,-3.64639083e+01
83,3222,0,0,-2.08360509e-01,-3.08297012e-01,-8.48439235e+00
84,-211,0,0,8.18293083e-02,-7.95058085e-02,-8.41983856e+00
84,211,0,0,-1.11115400e-01,3.67239240e-01,-6.78720581e+00
83,-321,0,0,7.56948869e-01,-1.74556393e-01,-2.98082537e+01
83,211,0,0,3.01538146e-01,-5.03486647e-01,-2.73620347e+01
83,321,0,0,-1.32401792e-01,-9.41431408e-02,-1.84951071e+00
83,2212,0,0,6.22674125e-01,2.43948460e-01,-6.85957696e+00
83,-2212,0,0,-2.46438569e-01,-7.76279240e-02,-1.04630219e+01
84,-211,0,0,8.89791891e-02,2.41797233e-03,-3.13728122e+00
84,2112,0,0,1.35850138e+00,6.02494328e-02,-5.04823198e+01
84,-2212,0,0,3.33250102e-03,-3.54213371e-01,-2.16282186e+01
84,211,0,0,-6.23479649e-01,-4.30690115e-03,-6.19996415e+00
84,-321,0,0,3.32915098e-02,-4.07095472e-01,-8.34991989e+00
84,211,0,0,-3.60286807e-01,3.76947009e-01,-5.31784634e+00
83,321,0,0,-5.66195508e-01,-1.42993618e-01,-4.40643803e+01
83,211,0,0,-8.15691984e-01,-7.45060108e-05,-6.26557087e+01
84,-3112,0,0,-1.06141904e+00,-7.71884376e-01,-3.94252752e+01
84,2112,0,0,-2.42970919e-01,-3.56694254e-01,-8.06524753e+00
84,-2112,0,0,-7.47963338e-01,-1.55174176e+00,-2.17265834e+01
83,-211,0,0,-6.19626514e-02,4.64535066e-01,-9.27830115e+00
83,-211,0,0,9.57345599e-02,2.16751391e-01,-3.20783686e+00
83,211,0,0,2.27531824e-01,-9.89732254e-01,-1.18353108e+01
84,211,0,0,-2.89289074e-01,1.07890988e+00,-2.43593507e+01
84,2112,0,0,1.20824747e+00,4.82120328e-01,-3.75414497e+01
83,-3122,0,0,-1.60190818e-01,1.86520622e-01,-2.51143299e+00
84,-321,0,0,-2.21322583e-01,-5.01497265e-02,-7.15793837e+00
84,-211,0,0,-2.60218184e-01,3.06424205e-01,-6.00429346e+00
83,-2212,0,0,4.86394283e-01,1.72101427e-01,-9.13585094e+00
83,-211,0,0,2.54141756e-01,1.23811869e-01,-1.38707438e+01
83,-211,0,0,1.50382434e-02,7.41855365e-02,-1.32014234e+00
84,211,0,0,3.80364980e-02,-1.71981896e-01,-3.03334467e+00
83,-211,0,0,2.96902508e-01,2.42528161e-01,-6.91504848e+00
84,-321,0,0,2.11221613e-02,5.88062301e-02,-3.38028949e+00
84,211,0,0,4.55831910e-01,2.69979644e-02,-7.32535507e+00
84,3112,0,0,9.65135993e-02,2.01692607e-01,-1.42555307e+01
84,-211,0,0,-5.13161505e-01,3.25849985e-02,-1.22359871e+01
83,2112,0,0,-5.02602170e-01,-3.58699127e-01,-2.34671066e+01
83,-3122,0,0,-8.68819764e-01,1.28737128e+00,-1.02551842e+02
83,-211,0,0,-1.26341045e+00,1.45941537e-01,-7.31479919e+01
84,-321,0,0,4.57109154e-02,7.08980842e-01,-8.62867883e+00
84,211,0,0,-4.36811560e-01,-1.80250648e-01,-9.61472520e+00
84,2212,0,0,-3.09929970e-01,8.15114240e-02,-4.95705219e+00
84,-2212,0,0,-1.19589835e-01,-4.33120328e-01,-3.32319205e+01
83,211,0,0,-6.11044954e-02,-2.49747748e-02,-1.14984559e+00
83,-211,0,0,-3.44821117e-01,2.33186937e-01,-5.06424485e+00
84,-321,0,0,-1.80816965e-01,-2.42627819e-01,-9.63441021e+00
84,-211,0,0,1.04256984e-01,6.55308656e-02,-6.53968121e+00
83,211,0,0,-1.85245182e-02,-9.48296008e-02,-2.33318922e+00
83,211,0,0,1.39735889e-01,5.53475054e-01,-1.34272288e+01
83,-211,0,0,-1.94379766e-01,4.21526154e-01,-6.64209324e+00
83,211,0,0,-7.05384316e-02,3.74877741e-02,-5.67694332e+00
84,2112,0,0,-4.26154149e-01,5.37330740e-01,-6.92122976e+00
84,-211,0,0,-3.35839590e-01,-7.18863962e-02,-4.69511247e+00
84,211,0,0,-1.34514043e-01,-2.47489825e-01,-1.45579432e+01
84,211,0,0,-3.02897752e-01,-1.67897762e-01,-3.87800717e+00
84,-211,0,0,-7.03628528e-01,-6.85142337e-02,-2.05105685e+01
84,211,0,0,-2.89097483e-01,3.22001374e-01,-1.16182538e+01
84,-211,0,0,-5.45460669e-02,2.98729338e-01,-8.70077024e+00
84,211,0,0,-7.83693048e-01,3.10629082e-01,-2.01214835e+01
84,-211,0,0,-2.05263551e-01,-6.39135724e-01,-3.96077646e+01
84,-321,0,0,-4.96953789e-01,-3.08957634e-01,-1.98882904e+01
84,211,0,0,3.11923567e-01,4.11232882e-01,-5.16319705e+00
84,-211,0,0,1.53412132e-01,2.60907549e-02,-3.01276048e+00
84,211,0,0,-2.23521419e-01,5.75890691e-02,-2.27491219e+00
84,-211,0,0,-6.38038529e-02,7.14716601e-02,-2.76205293e+00
83,2212,0,0,6.01953065e-01,4.15371618e-01,-1.63303410e+01
83,-2212,0,0,-2.12367913e-01,-2.86297501e-01,-1.08730343e+01
83,211,0,0,8.67428363e-02,-3.90987632e-01,-1.69996537e+01
84,-321,0,0,-3.15697677e-01,-3.26926660e-01,-8.33007716e+00
84,211,0,0,-2.56048172e-01,-3.29285254e-01,-8.06503388e+00
83,-321,0,0,6.20100052e-01,5.13466231e-02,-1.25805646e+01
84,211,0,0,-1.25582511e-01,-1.50673551e-01,-4.80897206e+00
84,-211,0,0,3.17751080e-02,1.63624006e-01,-6.01162850e+00
86,-211,0,0,1.34965482e-01,2.36584759e-01,-7.60958833e+00
86,211,0,0,4.23487494e-02,-4.02369394e-02,-2.71162187e+00
84,-211,0,0,1.16280907e-01,-2.43357557e-01,-7.23694930e+00
84,-211,0,0,3.20152071e-01,8.02383571e-02,-4.81004555e+00
83,-321,0,0,2.05621554e-02,-1.21116166e+00,-3.24958229e+01
83,-211,0,0,1.12237568e+00,-9.75205818e-01,-5.23273822e+01
84,211,0,0,-7.39687900e-02,2.65098615e-01,-1.29517506e+01
84,211,0,0,4.34141586e-01,-3.40341330e-01,-4.19672283e+01
84,-211,0,0,5.96493761e-01,3.78726598e-01,-3.98756595e+01
84,211,0,0,-3.42480404e-01,3.54364366e-01,-2.20260468e+01
84,-2212,0,0,-6.38151978e-01,5.63843166e-01,-5.16933967e+01
84,211,0,0,-5.30250505e-01,6.48310091e-02,-1.48748713e+01
84,321,0,0,2.55819564e-02,-2.21666434e-01,-4.51669437e+00
84,3122,0,0,3.99844860e-01,-1.09776467e-02,-8.80047229e+00
83,-211,0,0,2.14964274e-01,-2.57953197e-01,-4.94589221e+00
83,321,0,0,5.52276667e-02,-8.55680061e-01,-1.04926435e+01
83,-211,0,0,1.46154073e-02,-5.63058610e-02,-2.48231710e+00
84,-321,0,0,1.74133484e-02,-6.24528531e-01,-5.26278601e+01
84,321,0,0,-3.48472845e-01,-1.86096903e-01,-2.89078885e+01
84,211,0,0,1.91626342e-01,-3.37254234e-01,-3.88300338e+00
84,-211,0,0,6.29439873e-02,4.41300877e-01,-1.98480875e+01
84,-211,0,0,3.96095687e-01,6.14554692e-02,-1.15979441e+01
83,211,0,0,-4.07768516e-02,-4.90188830e-02,-9.59130530e-01
83,2112,0,0,-1.11450743e+00,3.83051361e-02,-1.54884427e+01
83,-211,0,0,4.70125512e-01,6.79740817e-01,-3.11061839e+01
83,211,0,0,4.79013001e-01,4.77140917e-01,-1.81090403e+01
83,-211,0,0,1.53696111e-01,-2.77797307e-01,-4.15283834e+00
84,211,0,0,4.20916368e-01,7.59482136e-02,-5.78605965e+00
84,211,0,0,-2.55152013e-01,-1.96403385e-01,-8.53797573e+00
83,211,0,0,-3.05380288e-01,9.76440861e-02,-1.73014212e+01
83,-211,0,0,-1.33602787e-02,-1.08460595e-01,-1.23263805e+00
86,3122,0,0,-9.55581821e-02,-1.07269762e-01,-5.20987630e+00
86,-2112,0,0,-5.51159754e-01,-8.86222429e-02,-1.80235395e+01
86,-211,0,0,-6.41541881e-01,6.14243820e-02,-4.22196227e+01
86,211,0,0,-1.08392274e-02,-4.55825582e-01,-1.91208878e+01
86,-2112,0,0,9.37249294e-01,-8.51622491e-01,-1.50053393e+01
84,-211,0,0,-1.40742813e+00,-6.06243210e-01,-2.13165043e+01
84,211,0,0,-3.13338461e-01,9.28083268e-01,-1.88752267e+01
84,321,0,0,5.66442107e-01,1.05221293e+00,-1.68826951e+01
84,-321,0,0,1.53355894e-01,1.39104119e-01,-3.46467210e+00
84,211,0,0,-1.27508941e-01,-4.42048437e-01,-4.91767580e+00
84,321,0,0,-3.98675944e-02,7.92190401e-02,-6.54597591e+00
84,-211,0,0,-4.63626549e-01,-2.10823128e-01,-2.09483976e+01
84,2112,0,0,3.67384834e-01,1.28093314e-01,-4.05429812e+00
84,-2112,0,0,-1.01151328e+00,-1.68467267e-01,-2.77396155e+01
84,-211,0,0,-4.20842948e-01,1.42544499e-01,-9.37891644e+00
84,-211,0,0,-5.20601888e-02,1.87793336e-01,-4.71877600e+00
84,321,0,0,-4.92696773e-01,-4.31902942e-01,-2.08709945e+01
84,211,0,0,3.13423096e-01,2.60982237e-01,-1.02836416e+01
84,2212,0,0,-3.70254090e-02,5.91579157e-01,-4.08931520e+01
84,-2212,0,0,1.75109446e+00,1.41341250e+00,-1.81102467e+02
84,211,0,0,7.75838112e-01,-1.00793977e+00,-8.33845309e+01
84,321,0,0,1.87451122e-01,-6.46564878e-01,-3.37725038e+01
84,211,0,0,-9.49670618e-02,2.21070458e-01,-3.24027132e+00
84,211,0,0,-9.77940907e-02,-3.99692595e-01,-1.41963209e+01
84,211,0,0,1.31748296e-01,-7.21896734e-02,-2.16416043e+00
84,-211,0,0,-2.71317387e-01,-2.55837801e-01,-7.41696958e+00
84,211,0,0,-3.28218234e-01,-3.62173035e-01,-2.51095367e+01
84,-2212,0,0,1.61518858e-01,7.91170931e-02,-2.98845165e+00
84,-211,0,0,1.52285054e-01,-2.77485608e-01,-5.67515169e+00
84,321,0,0,-5.37673215e-02,3.96672457e-01,-1.26376847e+01
84,211,0,0,7.77759364e-02,1.84216120e-01,-1.13699534e+01
83,-321,0,0,4.22950241e-01,3.90286169e-01,-9.01882583e+00
83,211,0,0,5.38539453e-01,-6.03061520e-01,-1.68311942e+01
83,-211,0,0,6.15458207e-01,-1.06372518e+00,-1.91225418e+01
83,2112,0,0,-4.57254184e-01,-5.08994545e-01,-7.62374235e+00
84,2212,0,0,4.43290344e-01,2.13478847e-01,-1.26472255e+01
83,-211,0,0,-1.98034790e-01,-1.68731993e-01,-7.59429585e+00
83,-321,0,0,5.18205428e-01,-4.51838714e-01,-3.74293997e+01
83,2112,0,0,3.52045731e-01,1.27390789e-01,-2.38988058e+01
83,-211,0,0,-6.28886972e-01,-2.87644638e-01,-8.26923691e+00
84,-321,0,0,-3.70356298e-01,1.17226553e+00,-2.10346093e+01
83,2212,0,0,4.16494160e-02,4.98058665e-01,-7.97033371e+00
83,-2212,0,0,-1.89548135e-01,-1.91095915e-01,-3.92915155e+00
83,321,0,0,-3.31231507e-01,1.85627175e-02,-5.23413747e+00
83,-321,0,0,-2.47599073e-01,5.11993408e-01,-1.10127200e+01
83,-211,0,0,-1.16319072e+00,-4.03880297e-01,-1.26449081e+01
83,211,0,0,1.05181361e-01,-1.58861726e-01,-1.99091257e+00
83,-321,0,0,7.81280672e-01,-4.14458988e-01,-1.26163331e+01
83,211,0,0,1.14472773e-01,3.31472067e-01,-8.08245903e+00
84,-321,0,0,1.27950699e-01,-1.80243475e-01,-3.40911754e+00
83,-2212,0,0,-1.88925788e-01,-7.17955162e-02,-3.23239294e+00
83,-211,0,0,8.30985758e-01,2.18842212e-01,-1.18150398e+01
83,-211,0,0,5.12096335e-01,9.18479244e-01,-1.67595315e+01
84,211,0,0,2.17749255e-01,3.10128363e-01,-2.80645721e+01
84,-211,0,0,2.61246435e-02,-3.14168663e-01,-1.13067829e+01
84,-211,0,0,2.04872690e-01,2.76516525e-01,-1.48849814e+01
84,-321,0,0,5.27218780e-01,-5.70016639e-01,-2.32239943e+01
83,2212,0,0,1.03184832e-02,-1.73167657e-01,-4.37857655e+00
83,3112,0,0,8.76371640e-01,1.27838599e+00,-5.46658065e+01
83,-3112,0,0,8.19003107e-01,2.46000133e+00,-6.91611563e+01
83,211,0,0,8.08245301e-01,7.75986802e-03,-1.40672178e+01
84,-211,0,0,7.69884893e-01,-6.34018164e-01,-2.32234842e+01
84,-321,0,0,1.12426085e-01,-8.40676105e-01,-1.35845071e+01
83,211,0,0,5.91098034e-01,-9.03694674e-02,-9.40487905e+00
83,-321,0,0,4.93292044e-01,1.40198251e-01,-8.42019612e+00
83,3112,0,0,5.57562724e-01,1.70235011e-01,-7.40644530e+00
83,-3312,0,0,-1.28213001e+00,-6.67378949e-01,-4.77162526e+01
84,2212,0,0,-3.38926760e-01,-2.24878042e-01,-1.83037750e+01
83,-321,0,0,1.16765337e+00,1.89464099e+00,-1.28531628e+02
83,-321,0,0,2.62286946e-01,2.58830009e-01,-2.83899828e+01
83,2212,0,0,-4.20209500e-01,-1.17046095e+00,-7.20221025e+01
83,211,0,0,7.96030871e-02,-1.12238817e-01,-5.15440674e+00
83,2112,0,0,-1.64664925e-01,-1.82643050e-01,-1.26401223e+01
84,-211,0,0,2.12667735e-01,2.61228363e-02,-1.65100857e+01
84,211,0,0,-1.46940996e-01,7.36716555e-01,-7.79769783e+00
84,-211,0,0,1.74486377e-01,3.34154678e-01,-5.64974953e+00
84,211,0,0,4.81828592e-01,9.11324226e-01,-1.89746289e+01
84,-211,0,0,3.14068391e-01,-2.67355010e-01,-1.88944042e+01
84,-211,0,0,-1.16607356e-01,-2.49195767e-01,-1.36700906e+01
84,211,0,0,1.96410815e-01,9.18051008e-02,-5.04826967e+00
84,211,0,0,-4.37379103e-01,4.16999670e-01,-6.35256905e+00
84,-321,0,0,-3.45562929e-01,-2.57299162e-01,-1.69625530e+01
84,2112,0,0,5.65293188e-02,1.13143114e+00,-7.28992918e+01
83,321,0,0,-2.70448347e-01,3.99269583e-01,-7.48786490e+00
86,211,0,0,1.47691261e-01,-4.62041388e-01,-1.99582203e+01
86,-211,0,0,3.59066918e-02,6.28386815e-02,-4.20263615e+00
86,211,0,0,-3.15718309e-01,9.74984634e-01,-3.08845646e+01
84,2212,0,0,-2.58859509e-01,8.61204572e-02,-7.76612446e+00
84,-2212,0,0,-1.43809538e-01,-8.63906064e-02,-4.35096584e+00
84,211,0,0,1.40656703e-01,6.63862687e-02,-3.15084332e+00
84,-211,0,0,-3.96358655e-01,-2.36844071e-01,-3.15354554e+01
83,2112,0,0,-7.80235602e-02,-1.07386837e-01,-3.62207601e+00
83,-2112,0,0,-5.14919611e-01,1.69241760e-01,-7.13867326e+00
83,-211,0,0,1.37223856e-02,-3.52985738e-02,-4.59102041e-01
83,211,0,0,1.51126614e-01,6.86122750e-01,-2.07208617e+01
83,211,0,0,-1.07933096e+00,-4.46976909e-02,-1.29610679e+01
84,211,0,0,3.41516635e-01,1.80962609e-01,-4.03297223e+00
84,-3222,0,0,1.56679742e-01,1.97845415e-01,-1.01244216e+01
83,-321,0,0,3.68840104e-01,-3.91709179e-01,-5.34204198e+00
83,211,0,0,-3.18750977e-02,1.22783717e-01,-3.19200358e+00
83,-211,0,0,7.22696213e-01,2.64859552e-01,-8.76833833e+00
83,211,0,0,3.12882281e-01,1.23226901e-01,-8.55944627e+00
84,211,0,0,-2.04141334e-01,-3.58337224e-01,-1.37238121e+01
84,2112,0,0,6.68572079e-01,8.31554528e-02,-2.22259884e+01
84,211,0,0,-1.67802106e-01,2.33455498e-01,-1.34632413e+01
84,-211,0,0,1.09555574e+00,3.33251466e-01,-2.59136691e+01
85,-211,0,0,-3.58547559e-02,1.25254629e-01,-6.03003665e+00
86,211,0,0,2.65228121e-01,-3.27334918e-01,-1.07524583e+01
83,-211,0,0,-7.32884560e-01,1.38057971e+00,-3.06155383e+01
83,211,0,0,-8.77223849e-01,2.92104258e-01,-4.44352328e+01
83,2112,0,0,3.22491672e-01,-9.16626110e-01,-6.80768311e+01
83,-2212,0,0,-1.38149517e+00,1.65348591e-01,-3.53221829e+01
83,-211,0,0,2.19780481e-02,3.67466900e-01,-1.33389294e+01
88,2112,0,0,-1.42753414e-01,5.04258341e-01,-1.99518661e+01
84,-211,0,0,-9.37168569e-02,-5.32814088e-01,-3.98012128e+01
84,-211,0,0,4.01498839e-01,-7.86582434e-02,-1.64270203e+01
83,211,0,0,-2.56754927e-02,-2.57480554e-01,-1.10808497e+01
83,-211,0,0,2.83835049e-01,6.25176929e-01,-1.78104179e+01
83,3112,0,0,-1.23134873e-01,-3.99976054e+00,-5.94143693e+01
83,-3312,0,0,1.18016736e+00,-7.26520394e-01,-2.45726080e+01
83,-211,0,0,-4.45855232e-02,-5.09211159e-02,-2.71918070e+00
83,211,0,0,-1.76793531e-01,5.78986697e-01,-9.24553110e+00
83,-211,0,0,1.00624100e-01,1.80110079e-01,-6.62134417e+00
84,211,0,0,4.49318844e-01,-1.66558191e-01,-9.99126347e+00
84,2112,0,0,-2.90195781e-01,1.44237028e-02,-5.05690491e+00
84,-2212,0,0,1.52778371e-01,1.21296302e+00,-8.19088000e+01
83,211,0,0,1.60840035e-01,9.22671497e-01,-2.27175227e+01
83,-211,0,0,-2.33670014e-01,3.32367880e-02,-9.88558657e+00
84,211,0,0,-1.70931100e-02,-4.68909391e-01,-9.86399242e+00
83,-2112,0,0,-5.74437995e-02,1.12672352e-01,-2.54989669e+00
84,211,0,0,-5.08432979e-01,-3.86571842e-01,-8.79994278e+00
84,211,0,0,2.31071075e-02,-2.11308779e-01,-2.81704457e+00
83,-321,0,0,4.27647320e-01,2.57661678e-01,-3.69366508e+01
83,2212,0,0,3.70275985e-03,-9.42811048e-01,-2.76051043e+01
83,-2112,0,0,-2.31802910e-01,-6.89720453e-02,-9.61552539e+00
83,321,0,0,-2.99320693e-01,-3.09746456e-01,-4.75961166e+00
84,-321,0,0,3.84012860e-01,1.61556485e-01,-4.21604381e+00
84,3222,0,0,1.06647729e+00,4.55587840e-01,-2.43250568e+01
84,-3222,0,0,1.10563148e+00,3.10856947e-01,-2.74656635e+01
84,211,0,0,7.57555659e-01,-8.70737820e-02,-1.14641526e+01
83,-211,0,0,-9.94052806e-02,2.58865047e-01,-1.71205880e+01
83,-211,0,0,-4.55711024e-01,2.93575394e-01,-4.53685007e+01
83,211,0,0,3.25514896e-01,-2.06351465e-01,-4.30703797e+00
83,-211,0,0,-1.35930559e-01,-4.36538600e-01,-5.97742431e+00
83,-211,0,0,1.01852494e-01,2.35547837e-01,-6.89346489e+00
83,321,0,0,4.48256531e-02,-3.59765733e-02,-1.70004431e+00
83,2112,0,0,1.04380405e+00,1.83140202e+00,-6.06634059e+01
83,-2212,0,0,7.58154272e-01,2.23975206e+00,-9.07112512e+01
83,321,0,0,4.51397733e-01,1.15805587e+00,-2.45217145e+01
84,-321,0,0,8.63650373e-01,1.72075609e-01,-1.23143628e+01
84,-211,0,0,2.65485912e-01,1.08193862e-01,-1.34139368e+01
84,-211,0,0,-3.20715791e-01,2.02985903e-02,-5.09816451e+00
84,211,0,0,5.54940404e-01,4.81237836e-01,-4.79065724e+01
84,-211,0,0,6.55756202e-02,1.14048262e-01,-1.56308808e+00
84,211,0,0,2.68177669e-01,-3.53784880e-01,-6.26470502e+00
84,2112,0,0,-1.28331093e+00,-1.04168367e+00,-9.05097025e+01
83,-321,0,0,1.21358263e+00,-1.48902005e+00,-4.16818854e+01
83,211,0,0,-8.05629821e-03,-3.50085759e-02,-4.80346785e-01
83,-211,0,0,1.16289834e+00,1.52522602e-01,-9.08828799e+01
83,-321,0,0,4.52193321e-02,-1.43508824e-01,-1.28734314e+01
83,-211,0,0,2.18980962e-02,4.16052212e-02,-3.49074057e+00
83,-211,0,0,-1.30668486e-01,-3.56019742e-01,-4.07778698e+00
84,-2112,0,0,-1.79753888e-01,-3.03063099e-01,-4.65062201e+00
84,-211,0,0,3.68464807e-01,-2.32179308e-01,-8.65892109e+00
83,211,0,0,9.28312847e-03,-2.17226613e-02,-9.44387609e-01
84,211,0,0,4.53600367e-01,-3.73231643e-02,-1.87989356e+01
83,-211,0,0,-1.18751002e+00,-6.14822127e-01,-4.81143782e+01
83,211,0,0,-1.61344690e+00,4.43847019e-01,-8.66293252e+01
83,-211,0,0,3.60343665e-01,-2.88581413e-01,-5.89319040e+00
86,211,0,0,-2.17783106e-01,-2.22103778e-01,-3.44628347e+00
86,-211,0,0,-9.77062991e-01,-5.77532173e-01,-1.32337906e+01
86,-2212,0,0,-1.87590268e-02,1.85067821e-01,-5.77212454e+00
84,-321,0,0,8.23104982e-01,-3.53106036e-01,-4.59288426e+01
84,321,0,0,-5.31746807e-02,3.71993720e-01,-8.62846779e+00
84,-3122,0,0,2.46168307e-01,-8.47492730e-01,-1.81069578e+01
84,2112,0,0,-5.42705875e-02,-1.52595159e-01,-4.19155542e+00
84,-2212,0,0,3.94315007e-01,4.53505501e-01,-7.65896716e+00
84,211,0,0,8.53070598e-01,-1.40448752e+00,-5.74763019e+01
84,-2212,0,0,-2.14352651e-02,-2.74431833e-01,-2.06221934e+01
84,-2112,0,0,4.06588594e-01,2.63003221e-01,-5.47363193e+00
83,211,0,0,-9.88019151e-01,3.96607774e-01,-1.21588750e+01
84,-2212,0,0,1.87110186e-01,2.73768598e-01,-7.21880310e+00
84,211,0,0,3.68834794e-01,-2.12216297e-01,-3.31219438e+01
84,-211,0,0,-7.82044457e-02,-4.43937834e-02,-3.48097478e+00
84,211,0,0,1.61421296e-01,1.88437826e-02,-1.00287452e+01
83,211,0,0,4.99466015e-02,2.60456187e-01,-5.71439701e+00
83,-211,0,0,6.47844369e-02,4.88743463e-01,-7.39415082e+00
83,211,0,0,3.81677642e-01,1.52961486e+00,-3.74132464e+01
83,-211,0,0,-1.64795616e+00,-2.63862369e-01,-6.10752771e+01
83,211,0,0,-9.72920213e-01,-1.86037607e-01,-1.79032246e+01
83,-211,0,0,-2.76878319e-01,6.05137609e-01,-9.98400555e+00
83,-2112,0,0,8.45553871e-03,3.96911057e-01,-4.38694715e+00
84,-321,0,0,1.08373062e-01,1.58834920e-01,-2.79498083e+00
84,-211,0,0,4.69974613e-01,5.01889488e-01,-2.02847372e+01
84,211,0,0,-8.27827764e-02,-2.83915923e-01,-5.89982228e+00
84,-211,0,0,-1.36298284e-01,-1.29557271e-02,-5.43700532e+00
84,211,0,0,3.59301974e-02,1.54076698e-01,-3.49840402e+00
84,-211,0,0,-5.09367843e-01,1.42364552e-01,-2.46817790e+01
84,211,0,0,4.01693478e-01,4.90738358e-01,-4.97242041e+01
83,-211,0,0,4.74278511e-01,-1.78225701e-01,-1.24209617e+01
83,3122,0,0,-2.91344274e-02,-1.55718874e-01,-4.91658513e+00
84,-2112,0,0,3.09322900e-01,3.40379786e-02,-2.43962521e+01
84,-211,0,0,-7.17088920e-02,2.94631894e-02,-3.03892229e+00
86,-211,0,0,9.52842358e-01,2.36611914e-01,-2.15562313e+01
86,321,0,0,-3.68011430e-02,1.68574486e-01,-5.00039377e+00
83,-211,0,0,8.21186708e-01,-8.15649388e-02,-5.04391122e+01
83,211,0,0,-3.02910044e-01,2.84961786e-01,-4.74622161e+00
83,-211,0,0,6.36005341e-02,7.44429074e-02,-1.02949775e+00
83,-211,0,0,2.03905955e-02,2.32048757e-01,-2.56521965e+00
83,211,0,0,4.04162485e-01,1.13928565e+00,-1.68446610e+01
83,211,0,0,3.38248190e-02,1.05215647e-01,-2.27501570e+00
83,-211,0,0,1.92556101e-01,-4.77488712e-02,-6.35381191e+00
84,-211,0,0,-5.78189276e-01,-7.95319688e-01,-1.10386998e+01
84,-321,0,0,6.79074645e-02,4.30415201e-02,-2.28425493e+00
84,-211,0,0,4.94416803e-01,2.00647269e-01,-5.77576146e+00
88,3222,0,0,-9.50620875e-01,2.58443688e-01,-3.79832258e+01
84,-321,0,0,-3.99435825e-02,-7.48821109e-01,-5.52595359e+01
85,211,0,0,-2.32389864e-01,-4.33879393e-01,-3.74959860e+01
86,211,0,0,2.41616243e-01,1.05460131e-01,-2.69726430e+00
86,-3322,0,0,-2.53115278e-01,8.55913316e-02,-1.83793146e+01
86,-211,0,0,-1.97518742e-01,-1.64431101e-01,-1.15959843e+01
84,211,0,0,-3.33225324e-02,2.39123004e-01,-5.14437894e+00
84,211,0,0,1.09013092e+00,2.96423089e-01,-1.20604270e+01
84,-211,0,0,1.79690194e-01,-4.93782131e-01,-3.63604829e+01
84,211,0,0,5.24583053e-01,2.19136328e-01,-2.45022058e+01
83,-2212,0,0,1.98151812e-01,3.56117556e-03,-4.19862417e+00
84,-2212,0,0,-2.16659102e-01,-3.50165615e-01,-1.04554007e+01
84,211,0,0,-1.64817511e-01,2.31166255e-01,-6.60404203e+00
84,-211,0,0,-1.43883225e-01,-8.00220693e-01,-3.44229409e+01
84,2112,0,0,-2.46133504e-01,-8.95504445e-01,-6.60188616e+01
84,-2212,0,0,-1.15525587e+00,-4.46853485e-01,-1.23159846e+01
84,211,0,0,-1.82186908e-01,2.85832645e-01,-5.48582791e+00
83,-211,0,0,-2.85859413e-01,3.34546961e-01,-4.51617768e+00
83,2212,0,0,2.29124767e-01,-8.75548279e-01,-2.65171467e+01
83,-2212,0,0,-2.78439311e-01,-7.36656159e-02,-5.97663961e+00
84,-2112,0,0,3.64157648e-01,-2.19427239e-01,-1.19055705e+01
83,2112,0,0,-3.44201473e-02,-3.05671613e-01,-3.34249147e+00
83,321,0,0,-9.71902647e-01,-1.60826176e-01,-1.99661331e+01
83,2112,0,0,3.35698115e-01,2.94090325e-01,-1.11614273e+01
83,-3122,0,0,3.46925096e-01,2.90268054e-01,-5.17910329e+00
83,3122,0,0,-2.56380636e-01,5.59766843e-02,-3.21355656e+00
84,321,0,0,-2.35396556e-01,4.49867232e-01,-1.17735316e+01
83,211,0,0,-2.24834919e-01,-2.67790754e-01,-5.35780523e+00
83,-211,0,0,-7.91045941e-01,-7.08154392e-01,-2.50407194e+01
83,211,0,0,-3.42182047e-01,-9.44572188e-01,-2.21475752e+01
83,211,0,0,3.42917938e-01,-4.93382628e-01,-9.77455662e+00
83,211,0,0,-2.79674507e-01,2.95673416e-01,-7.20805368e+00
83,-211,0,0,-3.82769285e-01,7.85909241e-01,-9.45154041e+00
83,211,0,0,-1.45959791e-02,-2.69396873e-01,-3.01927577e+00
84,-2112,0,0,-7.84274861e-02,-2.07627276e-01,-1.51981569e+01
83,-321,0,0,1.36418902e-01,-1.69644041e-01,-2.37131511e+00
84,-321,0,0,-1.03967573e-01,1.40742142e-01,-9.92737707e+00
84,321,0,0,-5.18605664e-01,7.43728958e-01,-1.13792686e+01
84,-321,0,0,-1.09858960e-01,-3.86450393e-01,-1.63787337e+01
84,211,0,0,-4.82317410e-01,5.59807312e-01,-1.12145567e+01
84,211,0,0,2.57208087e-01,-2.37335163e-01,-7.95801367e+00
84,-211,0,0,-1.24379345e-01,-3.10694884e-01,-5.44677318e+00
84,-211,0,0,-2.83332901e-01,-6.67766504e-01,-1.74920133e+01
83,-2212,0,0,-3.49699467e-01,2.73657263e-01,-2.57017349e+01
83,2212,0,0,-1.92843582e-01,1.93790464e-01,-3.90402629e+00
84,-211,0,0,4.26211745e-01,7.01654739e-02,-3.02167750e+01
84,211,0,0,1.27044451e-01,-5.65159391e-01,-2.08753600e+01
84,211,0,0,6.07810426e-01,6.93312823e-01,-6.45963904e+01
84,211,0,0,-8.77278269e-01,1.66338323e-01,-2.44944093e+01
84,-211,0,0,-3.46163440e-02,-1.85576903e-02,-2.61537271e+00
84,321,0,0,5.83024505e-01,4.62642719e-01,-1.51396591e+01
84,-211,0,0,-5.40533313e-01,4.53387008e-02,-2.04327189e+01
84,211,0,0,-2.77608245e-01,-3.66304987e-02,-5.79871155e+00
83,-211,0,0,-8.28916126e-02,-1.28671516e-01,-4.07843214e+00
83,211,0,0,-4.51299308e-02,-1.05353547e-01,-5.51182892e+00
83,-211,0,0,-9.36747721e-01,-5.92412838e-01,-1.21205713e+01
83,-211,0,0,-3.95091897e-02,1.91744227e-01,-6.78522678e+00
83,-211,0,0,-1.94820229e-02,-1.26875558e-01,-1.42514486e+00
83,-211,0,0,7.27306383e-01,1.66406966e-02,-2.56425215e+01
83,-211,0,0,1.07007599e-01,-6.00868114e-01,-1.06631896e+01
83,211,0,0,7.23136230e-01,-8.17738619e-02,-1.09345245e+01
83,211,0,0,1.32891256e-01,-5.44381477e-01,-2.68841227e+01
84,211,0,0,-3.11217400e-01,-6.83765473e-01,-4.34588412e+01
84,-211,0,0,-4.22878131e-01,-5.65453990e-01,-1.04602945e+01
84,-321,0,0,-6.03819108e-01,-8.53717834e-02,-2.44682432e+01
84,-2112,0,0,1.06417520e-01,5.46117053e-01,-1.23330521e+01
83,-2112,0,0,1.11218625e+00,3.38226282e-01,-3.63573171e+01
84,-211,0,0,-3.61977286e-01,1.22728046e-02,-1.53104900e+01
84,-211,0,0,-3.67387755e-01,-1.20702970e-01,-1.13916313e+01
84,211,0,0,-2.89482166e-01,-9.00822450e-01,-5.74373058e+01
84,-2212,0,0,-1.68287374e-01,9.14224988e-01,-4.00143405e+01
83,211,0,0,4.35223954e-01,3.99588049e-01,-4.25352331e+01
83,-211,0,0,-1.69950236e-01,8.80375363e-02,-8.99175095e+00
84,211,0,0,2.12396364e-01,-4.71536975e-02,-7.48952906e+00
84,-211,0,0,6.82629881e-02,-6.41149486e-02,-4.12895136e+00
84,-211,0,0,-1.46004000e+00,-1.39653596e+00,-3.07242105e+01
84,321,0,0,-7.43954438e-01,-1.42081030e+00,-9.99006482e+01
84,-321,0,0,-7.14016465e-01,-1.94305847e-01,-2.90526666e+01
84,-321,0,0,-1.06436091e+00,-1.40674706e+00,-4.70663553e+01
83,211,0,0,1.72929251e-01,5.07224666e-02,-5.66688228e+00
83,-2212,0,0,-3.36879929e-02,1.49120739e-01,-2.00388769e+00
84,-211,0,0,-6.96032478e-03,-1.45376308e-02,-5.70314654e-01
84,2212,0,0,-1.11826367e+00,2.69884329e-01,-1.77572544e+01
84,-2212,0,0,-9.14754475e-01,1.30920827e-01,-3.44987787e+01
84,211,0,0,-1.62492449e-01,2.96672738e-01,-5.30538657e+00
84,-211,0,0,2.86002859e-01,-1.37873181e-01,-9.12425793e+00
84,-3112,0,0,-2.40060255e-01,-3.41029124e-01,-2.28785007e+01
84,-211,0,0,5.77780624e-02,1.53088573e-02,-1.59773776e+00
83,-211,0,0,2.96839704e-02,-1.96994320e-01,-9.56136713e+00
83,211,0,0,-8.76643794e-03,1.68269517e-01,-1.43317261e+01
83,211,0,0,7.43317660e-02,-1.48561988e-01,-7.06524517e+00
83,-211,0,0,-3.58041837e-01,3.25540814e-01,-8.64451672e+00
83,2212,0,0,-2.54816924e-01,9.20715942e-01,-2.61671756e+01
83,3122,0,0,-6.69515586e-02,1.38352648e-01,-2.12612753e+00
85,2212,0,0,-6.73333434e-01,9.58929744e-02,-4.78453738e+01
85,-2212,0,0,1.26352548e-01,-8.39342601e-01,-1.03005945e+01
86,-3112,0,0,3.24678846e-01,-3.51444238e-02,-2.46167655e+01
83,3222,0,0,9.62320901e-01,3.13652719e-01,-2.97793472e+01
83,2212,0,0,3.02431926e-01,8.18957206e-02,-1.43465101e+01
83,-2212,0,0,-3.42401554e-01,5.95548183e-01,-7.10533604e+00
84,211,0,0,5.58535216e-01,-4.08947818e-01,-2.34070108e+01
84,-211,0,0,9.65417802e-01,-1.01893278e-01,-7.55163047e+01
84,211,0,0,1.14844830e-01,-4.66272254e-01,-1.58502339e+01
84,-211,0,0,-6.71825921e-01,-2.10395607e-01,-4.57694786e+01
83,-211,0,0,5.59967419e-01,2.87518361e-02,-1.35917914e+01
83,211,0,0,-3.66854963e-01,3.53678514e-01,-3.89957914e+01
84,211,0,0,1.16679581e-01,-1.49066448e+00,-6.92468786e+01
84,-321,0,0,-3.73593348e-01,2.80153165e-01,-1.19771971e+01
84,211,0,0,-7.45766457e-01,2.36423793e-02,-1.58484484e+01
83,321,0,0,6.43653479e-01,8.75009462e-01,-3.03633599e+01
91,310,0,0,2.51315157e+00,2.99000638e+00,-4.94669329e+01
91,310,0,0,1.61170910e+00,1.41444081e+00,-2.38927098e+01
91,130,0,0,4.16927076e-02,-6.06355743e-02,-2.58412627e+00
91,-321,0,0,2.04412487e-01,-2.87745323e-01,-4.99178858e+00
91,211,0,0,5.70922554e-01,-3.23106514e-01,-6.83544343e+00
91,211,0,0,5.05755686e-01,-1.26082465e-01,-3.87599839e+01
91,2112,0,0,7.89512491e-01,4.65467954e-01,-3.13055771e+01
91,-211,0,0,5.13448486e-01,5.96407038e-01,-1.95636764e+01
91,211,0,0,-1.12577161e+00,-5.56547658e-01,-2.09699141e+01
91,-211,0,0,-9.72048025e-02,3.14218501e-03,-1.51291354e+00
91,-211,0,0,-5.06131709e-02,-1.24952484e-01,-2.25092766e+00
91,-321,0,0,1.36759119e-01,3.34643970e-02,-1.00244230e+01
91,211,0,0,-1.10661365e-01,-3.76149726e-01,-9.75920804e+00
91,-321,0,0,2.40983576e-01,-7.84336573e-01,-2.33897510e+01
91,211,0,0,-1.56841161e+00,-1.37517694e+00,-5.08460103e+01
91,211,0,0,1.21001095e+00,1.44778771e-01,-5.76532109e+01
91,211,0,0,-7.21393358e-01,-3.00953140e-01,-1.35662000e+01
91,-211,0,0,-7.70994428e-02,-3.65677287e-01,-1.40715382e+01
91,211,0,0,2.91866054e-02,-1.51629971e-01,-2.68405711e+00
91,321,0,0,-4.85442916e-01,-4.81350963e-02,-1.41166997e+01
91,-211,0,0,-2.04689261e-01,4.23949661e-01,-7.85629243e+00
91,321,0,0,-8.47928051e-01,-1.38093794e-01,-1.15864849e+01
91,130,0,0,4.93542080e-01,1.09034841e-01,-5.39459998e+00
91,211,0,0,-6.48741435e-02,-1.80150065e-01,-1.47578696e+01
91,211,0,0,5.75004699e-01,6.96695753e-02,-1.46168550e+01
91,-211,0,0,-7.72434967e-01,-1.47059674e-01,-1.05240997e+01
91,211,0,0,4.83297009e-01,1.47556410e-01,-3.39393694e+01
91,130,0,0,3.16929844e-01,-2.25909178e-01,-1.12173680e+01
91,211,0,0,3.20729521e-02,-1.54099611e-01,-4.31815333e+00
91,211,0,0,4.49750773e-01,-4.10306089e-01,-4.52819969e+01
91,321,0,0,-3.55313603e-01,3.92581778e-02,-3.02415195e+01
91,-211,0,0,2.07629510e-01,-3.11207178e-02,-7.13994585e+00
91,-321,0,0,3.54484858e-01,3.78371775e-01,-1.62395576e+01
91,211,0,0,-9.77413113e-01,-7.29288866e-01,-7.56655960e+01
91,-321,0,0,-7.72905775e-01,-1.01664220e-01,-1.49131632e+01
91,211,0,0,-2.03952973e-01,-4.22305122e-01,-5.57384487e+00
91,130,0,0,-2.39121888e-01,3.03195578e-01,-2.62904687e+01
91,-211,0,0,-1.84530198e-01,-3.05419812e-01,-7.45322165e+00
91,211,0,0,-9.11427458e-02,2.02164958e-02,-4.38106189e+00
91,310,0,0,-2.69065025e-01,4.19469352e-01,-2.14599384e+01
91,-211,0,0,1.99914769e-01,2.09057160e-01,-1.14990729e+01
91,211,0,0,-4.92781928e-01,9.82768230e-01,-1.45329500e+01
91,-211,0,0,1.09416393e-01,-2.37847034e-01,-4.15238900e+00
91,310,0,0,-2.65575884e-01,8.90250725e-01,-1.88378573e+01
91,-211,0,0,-8.98311652e-01,8.31535970e-01,-2.08861007e+01
91,211,0,0,-4.31333538e-01,-1.03062624e+00,-2.03763531e+01
91,130,0,0,7.31572755e-02,4.58320845e-02,-1.18765868e+00
91,211,0,0,-3.83685848e-02,5.22713667e-02,-1.64389217e+00
91,211,0,0,-4.06280568e-01,-1.11598833e-01,-1.89223412e+01
91,211,0,0,6.78236843e-01,-1.05390006e+00,-2.11325583e+01
91,310,0,0,7.59225755e-01,-1.19346072e+00,-2.79704350e+01
91,-211,0,0,-1.70726368e-02,-1.46810509e-01,-1.22687972e+01
91,-211,0,0,3.89234216e-02,-2.36728085e-01,-1.03870546e+01
91,211,0,0,1.00264983e-02,-4.53747023e-02,-3.64639333e+00
91,211,0,0,-4.94519872e-01,-4.69143528e-01,-5.05415292e+01
91,211,0,0,-6.35624548e-01,6.06344670e-01,-9.49728998e+00
91,-211,0,0,-3.21603918e-01,5.37491886e-02,-5.38234721e+00
91,211,0,0,1.59982732e-01,3.22809076e-02,-2.63845112e+00
91,-211,0,0,-9.85991597e-01,3.69730381e-01,-2.01747015e+01
91,211,0,0,-1.82919314e-01,-1.85212721e-01,-1.85919652e+01
91,-211,0,0,1.06847157e+00,2.99206744e-01,-4.12149370e+01
91,321,0,0,5.23027494e-01,-1.13137298e-01,-1.52080946e+01
91,-211,0,0,-6.53428269e-01,-1.05257815e+00,-2.13673589e+01
91,211,0,0,-1.10147493e-01,7.35651469e-01,-2.25450998e+01
91,-211,0,0,-3.98083047e-01,-3.07640655e-02,-8.09638180e+00
91,-211,0,0,1.34729458e-01,9.23543074e-01,-3.69885639e+01
91,211,0,0,5.31549349e-01,4.31381244e-01,-3.01221953e+01
91,-211,0,0,-4.32815393e-01,2.05643475e-02,-2.39500911e+01
91,-211,0,0,-1.52938261e-01,-4.70328399e-01,-5.55664316e+00
91,211,0,0,6.97564350e-02,-4.89822183e-02,-1.30627197e+00
91,-211,0,0,1.99795121e-01,-1.48540043e-01,-8.97770240e+00
91,2212,0,0,6.65776577e-01,-2.79896918e-01,-2.21318387e+01
91,-2112,0,0,2.39645916e+00,-8.66993775e-01,-2.81932407e+01
91,211,0,0,3.53496674e-01,8.17936201e-01,-7.02779277e+01
91,211,0,0,2.45101278e-01,3.82361630e-01,-1.01116115e+01
91,-211,0,0,-3.81786097e-01,1.96728758e-01,-6.65623589e+00
91,211,0,0,-1.19848006e-01,-1.00806999e-01,-1.73306236e+00
91,-321,0,0,2.65369790e-02,-1.62200707e-01,-3.07645981e+00
91,211,0,0,1.24560421e-01,-2.27288964e-01,-7.26596486e+00
91,211,0,0,5.45914725e-02,1.99729893e-01,-3.36286247e+00
91,211,0,0,3.86025399e-01,3.15524970e-01,-2.16283184e+01
91,310,0,0,-9.55447368e-01,-3.44618842e-01,-1.41848758e+01
91,310,0,0,1.76506037e-01,-3.64673477e-01,-3.04060258e+01
91,-211,0,0,-1.72597787e-01,-1.50772091e-01,-1.20649460e+01
91,211,0,0,-1.18232838e+00,-5.27373116e-02,-2.54650458e+01
91,211,0,0,-1.27943879e+00,2.25993605e-01,-4.46371016e+01
91,211,0,0,-1.70822185e+00,1.69375636e-01,-5.02435208e+01
91,-211,0,0,-2.55612105e-01,-4.44722601e-01,-1.22978781e+01
91,211,0,0,-9.19939477e-01,-3.50568630e-02,-4.40973044e+01
91,-211,0,0,-6.25646846e-01,1.11856001e-01,-1.24448862e+01
91,-211,0,0,-4.18412028e-01,-1.40859049e-01,-8.73605647e+00
91,-211,0,0,-7.32981879e-01,9.51311729e-01,-3.16870657e+01
91,2112,0,0,-3.01676851e-01,-1.89273017e-01,-1.45371995e+01
91,211,0,0,9.84299388e-02,1.38503991e-01,-7.69837726e+00
91,211,0,0,-1.26764247e-03,3.59694294e-01,-1.02610260e+01
91,-211,0,0,4.05874297e-02,-3.45576402e-01,-4.58143950e+00
91,211,0,0,2.47771757e-01,-3.69293141e-01,-2.73693262e+01
91,211,0,0,-5.51075300e-02,1.68167376e-01,-1.24622658e+01
91,321,0,0,2.74690529e-01,-5.70958778e-02,-1.46385099e+01
91,-211,0,0,-1.66203365e-01,-2.96704374e-01,-4.45064635e+00
91,-321,0,0,-6.75910276e-02,3.41151786e-01,-2.29078528e+01
91,211,0,0,4.78953031e-02,-2.28612499e-01,-6.44976381e+00
91,130,0,0,5.04770814e-01,-7.17295668e-01,-3.72908378e+01
91,310,0,0,-1.79117674e+00,4.06640354e-01,-4.41943104e+01
91,211,0,0,-4.21055553e-02,4.69226480e-02,-3.65331373e+00
91,211,0,0,-4.03484092e-01,-2.76918742e-01,-1.43083693e+01
91,321,0,0,5.15122050e-01,-6.62610034e-01,-3.33514874e+01
91,-211,0,0,4.34071345e-01,-1.24650281e+00,-4.20623549e+01
91,2212,0,0,-7.61488450e-02,1.27195114e-01,-2.61123324e+00
91,211,0,0,1.48919879e-01,2.96084425e-01,-1.39354181e+01
91,211,0,0,-4.55382396e-01,-3.76633568e-01,-1.77884512e+01
91,-211,0,0,7.90870397e-02,4.72664298e-01,-3.49666256e+01
91,-2112,0,0,-2.52357753e-01,1.19955439e-01,-1.68831554e+01
91,130,0,0,1.12610965e-01,7.37315637e-01,-3.12058532e+01
91,-211,0,0,-1.12258962e-01,6.67544345e-01,-9.89422344e+00
91,211,0,0,-1.52791296e-02,-2.59597611e-03,-6.92636389e-01
91,211,0,0,8.27129426e-02,-5.52273785e-01,-5.88678681e+00
91,-211,0,0,-3.11230596e-01,6.66713898e-01,-1.95731166e+01
91,211,0,0,-1.89906336e-01,1.54866517e+00,-4.83610855e+01
91,-321,0,0,4.92373379e-01,1.64201217e+00,-6.59594263e+01
91,-211,0,0,-8.21946136e-02,-6.70697007e-01,-8.57263199e+00
91,211,0,0,-1.67839165e-01,9.07356234e-02,-5.46316268e+00
91,211,0,0,-1.48981479e-01,8.76597219e-02,-1.73966140e+00
91,310,0,0,-4.49265764e-01,-2.47144407e-01,-7.42118436e+00
91,-321,0,0,3.66488152e-02,-3.17633930e-01,-2.04999084e+01
91,211,0,0,-2.79964268e-01,8.86098767e-02,-6.98587020e+00
91,-211,0,0,2.42270912e-01,-2.09863223e-02,-5.36659894e+00
91,211,0,0,7.12073025e-02,2.21236849e-01,-5.09173123e+00
91,211,0,0,4.34537212e-02,1.54572164e-01,-3.32320573e+00
91,-211,0,0,3.51781850e-01,-1.30881547e-01,-1.96660320e+01
91,211,0,0,8.15281494e-01,-8.27188928e-02,-3.36819545e+01
91,-211,0,0,2.96537828e-01,-6.33342265e-01,-2.03827696e+01
91,211,0,0,2.16930921e-01,-7.66915088e-01,-1.50635783e+01
91,-211,0,0,-6.77605526e-02,1.57008446e-01,-3.23887222e+00
91,211,0,0,2.65772255e-02,-4.56389182e-02,-4.05210984e+00
91,-211,0,0,6.82707909e-01,4.44101308e-02,-7.29551426e+00
91,-211,0,0,-9.53244602e-02,4.18607169e-01,-4.31936501e+00
91,211,0,0,2.76240973e-01,-4.00225466e-01,-2.21751845e+01
91,130,0,0,-1.20913338e-01,-4.09779828e-01,-1.46111463e+01
91,-211,0,0,-3.82567288e-01,-6.29159303e-02,-1.32893843e+01
91,211,0,0,-3.51646257e-02,8.30549373e-02,-2.00674991e+00
91,130,0,0,-4.33008706e-01,-1.19286909e-01,-6.09235358e+00
91,211,0,0,1.56301604e-01,-2.01115497e-01,-3.55402812e+00
91,211,0,0,-6.03175840e-03,3.71511867e-01,-2.66676297e+01
91,211,0,0,-6.13213362e-01,9.33627526e-02,-2.46170854e+01
91,-211,0,0,-1.05077331e-02,3.94334265e-01,-1.70535342e+01
91,211,0,0,5.95554166e-01,4.14123402e-01,-3.65396200e+01
91,-211,0,0,1.69359067e-01,2.15092238e-01,-1.93129645e+01
91,-211,0,0,6.11769368e-01,-6.78281133e-01,-1.35113772e+01
91,-211,0,0,4.51217911e-01,1.02194177e-01,-2.18638377e+01
91,-321,0,0,-5.75425276e-01,1.24866484e-01,-1.46372024e+01
91,211,0,0,1.03878020e-01,-9.52315873e-02,-1.05564670e+01
91,130,0,0,-2.75630074e-01,-2.40510563e-01,-1.98957269e+01
91,-211,0,0,1.72214387e-01,-2.20365587e-01,-1.32155705e+01
91,-2212,0,0,2.55686163e-02,-1.38868727e-01,-2.04171446e+00
91,310,0,0,9.04448716e-01,2.25467342e-01,-2.43584276e+01
91,211,0,0,-6.86867014e-02,-4.35400840e-01,-2.40008836e+01
91,-211,0,0,5.53208199e-01,-8.38823856e-02,-7.72742585e+00
91,2212,0,0,4.47274343e-01,-1.19882473e-01,-1.24206081e+01
91,211,0,0,-6.72262202e-02,-1.02540201e-01,-5.84482161e+00
91,211,0,0,8.91820436e-02,3.44001963e-02,-1.31295862e+00
91,211,0,0,1.49332084e-01,-7.82690894e-02,-3.73859892e+00
91,211,0,0,-1.89785695e-01,-1.15101077e-01,-3.58267026e+00
91,-211,0,0,1.47812693e-01,1.02071066e-01,-2.56640527e+00
91,211,0,0,3.02055432e-01,-3.53335609e-01,-6.85595886e+00
91,-211,0,0,2.67755368e-01,3.48099286e-01,-7.30753887e+00
91,211,0,0,3.90083089e-01,-1.04250268e+00,-1.76752894e+01
91,-211,0,0,1.13504306e-01,-2.58178806e-01,-4.88340736e+00
91,-211,0,0,1.67655499e-01,-9.06212303e-01,-1.37656425e+01
91,211,0,0,1.81163603e-01,1.04870819e-01,-3.68338774e+00
91,211,0,0,6.39377072e-01,-4.29561989e-01,-1.13091954e+01
91,2212,0,0,-6.61943156e-01,-3.24300088e-01,-1.74814291e+01
91,-211,0,0,-7.94828826e-02,8.12555975e-02,-6.96816597e+00
91,-2112,0,0,-3.49226520e-01,-4.44472516e-02,-1.14104160e+01
91,-211,0,0,-3.38516763e-01,1.61280684e-01,-9.35957352e+00
91,211,0,0,8.72129107e-01,3.79253175e-01,-2.12715062e+01
91,-211,0,0,6.90762594e-01,-5.38997101e-01,-2.33516277e+01
91,211,0,0,3.86702835e-01,-5.11590902e-01,-8.63141324e+00
91,211,0,0,-2.70176987e-03,-2.57011365e-03,-1.67447099e-01
91,-211,0,0,-1.11613036e-03,-3.64278017e-02,-1.57243912e+00
91,211,0,0,2.16560639e-01,2.64568514e-01,-8.83300654e+00
91,-211,0,0,4.23214456e-01,3.28285037e-01,-2.75868917e+01
91,211,0,0,-2.71908736e-01,2.05698151e-01,-9.62352424e+00
91,-211,0,0,3.69442755e-01,9.88806354e-02,-1.36384976e+01
91,211,0,0,2.26908984e-01,9.92535427e-02,-1.02356360e+01
91,321,0,0,-1.67792081e-01,1.30587134e-01,-4.86663009e+00
91,-2212,0,0,-1.26344094e+00,-2.19262287e-01,-2.29201683e+01
91,-2212,0,0,-1.42484997e-01,-7.66980741e-01,-9.10636751e+00
91,211,0,0,2.93515468e-02,-1.38313109e-01,-4.46327404e+00
91,211,0,0,-6.81392966e-01,-2.21178332e-01,-1.02918809e+01
91,-211,0,0,8.22645535e-02,-5.96863932e-02,-7.30114013e+00
91,-211,0,0,-9.14726845e-01,-1.02371902e+00,-5.80653172e+01
91,130,0,0,-7.54638478e-01,1.70039118e-01,-5.59904894e+01
91,310,0,0,-1.72575956e+00,-7.32756564e-02,-1.08714914e+02
91,-211,0,0,-6.64854409e-02,1.49093687e-01,-7.96292166e+00
91,211,0,0,2.83328844e-02,1.29029569e-01,-3.06344104e+00
91,211,0,0,2.24415961e+00,-1.21124414e+00,-3.37911561e+01
91,-211,0,0,-1.43645809e-01,8.40236790e-02,-4.96758736e+00
91,211,0,0,1.74299630e-01,4.54905949e-01,-1.42205838e+01
91,310,0,0,-7.38277681e-01,6.28526461e-01,-2.90533341e+01
91,-211,0,0,-5.57946488e-03,3.09644061e-01,-7.74438127e+00
91,130,0,0,-3.45523156e-02,7.16976108e-01,-2.98565951e+01
91,211,0,0,2.45816377e-01,-3.42433739e-02,-9.74883487e+00
91,211,0,0,9.30418406e-02,-2.46951320e-01,-2.04692129e+01
91,-211,0,0,1.16606511e-01,5.93934742e-02,-1.39687749e+00
91,211,0,0,-5.08272027e-01,1.06232078e+00,-1.49591310e+01
91,211,0,0,3.62633632e-01,-1.67333339e-03,-3.71812524e+00
91,-211,0,0,6.52338984e-01,-1.63461461e-01,-1.51093225e+01
91,310,0,0,-1.60983949e-01,4.69012438e-02,-4.39041833e+00
91,2212,0,0,1.20692808e-01,7.61278251e-02,-1.57198218e+00
91,130,0,0,5.40282641e-01,-9.23714572e-01,-2.16099330e+01
91,-2212,0,0,-1.94106000e-01,-2.13727386e-02,-5.01099781e+00
91,211,0,0,-2.40289638e-03,3.58496264e-01,-1.00438013e+01
91,-211,0,0,3.63845292e-01,3.55854288e-04,-7.49767113e+00
91,-211,0,0,4.40175656e-02,5.50738066e-02,-2.82317603e+00
91,-2212,0,0,7.13294548e-02,-1.46969847e-01,-1.00579332e+01
91,-211,0,0,-1.53918064e-02,-2.32404067e-01,-9.01800171e+00
91,2112,0,0,1.51755358e-01,4.80744426e-01,-1.20061192e+01
91,-2212,0,0,9.74167964e-01,2.78037740e-01,-2.76865812e+01
91,211,0,0,1.30352418e-01,8.91530515e-02,-2.07237541e+00
91,-211,0,0,6.32931010e-01,-1.02875807e+00,-2.76394767e+01
91,321,0,0,-4.48290595e-01,7.01882733e-02,-1.01074280e+01
91,-211,0,0,3.84920080e-02,-2.49735483e-01,-7.77317518e+00
91,211,0,0,-2.20024964e-01,-1.15079148e-01,-3.47090309e+00
91,-211,0,0,-2.35264477e-02,3.77838857e-02,-2.31628371e+00
91,211,0,0,1.35319778e-01,4.01145721e-01,-3.25834471e+01
91,211,0,0,2.59817098e-01,-4.54576940e-01,-6.53612206e+00
91,-211,0,0,-8.46005397e-01,-2.81084051e-01,-1.00663613e+01
91,211,0,0,4.43359728e-01,8.90869469e-02,-5.50693907e+00
91,-211,0,0,-2.28678975e-01,2.73339548e-01,-7.75621708e+00
91,-211,0,0,3.80270226e-01,-2.51085573e-01,-2.89901808e+01
91,-211,0,0,6.90644998e-01,-2.83798109e-01,-8.34131559e+00
91,-211,0,0,-5.08968817e-01,3.84160812e-01,-1.58438912e+01
91,211,0,0,3.48558845e-01,3.67547824e-02,-3.55112827e+00
91,310,0,0,-3.30757029e-01,1.86873905e-01,-9.26096996e+00
91,130,0,0,4.00306116e-01,-1.24400944e-01,-2.25797198e+01
91,211,0,0,2.87985991e-01,2.87851857e-01,-5.93950252e+00
91,211,0,0,1.14127509e-01,3.62154345e-01,-2.29331455e+01
91,-211,0,0,1.19794456e-01,-7.39889796e-02,-2.60968901e+00
91,211,0,0,8.91881916e-01,1.00533774e+00,-4.81858068e+01
91,-211,0,0,2.86820110e-01,1.84690157e-01,-6.95261393e+00
91,130,0,0,6.56365983e-01,4.12251941e-01,-7.74767720e+00
91,-211,0,0,4.42839253e-01,6.92794729e-02,-9.33511405e+00
91,-211,0,0,1.53500120e+00,-1.27919205e+00,-2.67161901e+01
91,-211,0,0,-1.34907659e-02,-5.52974849e-02,-1.38980745e+00
91,211,0,0,-1.27381424e-01,-2.28436357e-01,-1.78706403e+01
91,-211,0,0,-6.68630965e-01,-6.16009368e-01,-4.39278887e+01
91,211,0,0,-5.65210507e-01,6.44194943e-01,-5.68432832e+01
91,-211,0,0,6.56498802e-02,8.87755139e-01,-4.25484662e+01
91,130,0,0,1.06298142e-01,-3.56932023e-01,-1.94812676e+01
91,130,0,0,3.75900768e-01,-1.44811561e-01,-1.22041467e+01
91,211,0,0,-6.09698454e-02,-1.55752469e-02,-2.58958525e+00
91,130,0,0,-8.02290212e-01,-5.96381059e-01,-1.48140713e+01
91,-211,0,0,-1.06330995e+00,-6.00491158e-01,-1.35329135e+01
91,310,0,0,8.40046235e-01,2.88102569e-01,-1.19047321e+01
91,-211,0,0,-4.02930060e-01,-4.02699008e-01,-2.59636682e+01
91,211,0,0,-8.88760713e-02,3.32558765e-01,-9.51216415e+00
91,-211,0,0,-7.06166044e-02,-3.80170432e-01,-1.06485424e+01
91,211,0,0,-2.25711440e-02,-5.49206458e-01,-2.57004163e+01
91,211,0,0,-6.27044796e-02,-4.01033963e-01,-1.55561787e+01
91,-211,0,0,-7.94194213e-01,-7.18339337e-01,-1.53314250e+01
91,211,0,0,-3.94554471e-01,-1.29654652e-02,-7.24376866e+00
91,-211,0,0,2.71531771e-01,6.44294827e-02,-7.18309530e+00
91,211,0,0,1.49117877e-01,-1.47032447e-01,-8.93478818e+00
91,310,0,0,-1.97775691e-02,-3.13820088e-01,-3.62037546e+00
91,211,0,0,-5.26628582e-01,-3.37216261e-02,-1.33797093e+01
91,-211,0,0,-2.57619764e-02,-2.47264384e-01,-1.13060122e+01
91,211,0,0,3.50239003e-01,-2.10453793e-01,-5.90105427e+00
91,-211,0,0,1.77571450e-02,3.26209844e-01,-4.14688094e+00
91,-211,0,0,1.91692234e-01,-2.13492180e-01,-1.88203069e+01
91,211,0,0,-6.84180238e-01,7.02815424e-01,-3.78513978e+01
91,-211,0,0,-6.27288260e-02,1.63524051e+00,-5.92092515e+01
91,211,0,0,-2.22929261e-01,-2.48325925e-02,-1.56498793e+01
91,211,0,0,-2.56393785e-01,8.02087200e-01,-4.24054081e+01
91,-211,0,0,-2.26792297e-01,2.50289098e+00,-3.61716229e+01
91,211,0,0,-5.05293270e-01,1.02197840e+00,-1.15898363e+01
91,310,0,0,1.41527656e-01,2.60903331e+00,-4.52147585e+01
91,211,0,0,4.20209277e-01,3.41946458e-01,-8.25814905e+00
91,-211,0,0,8.17833636e-03,-3.53569979e-01,-5.23272956e+00
91,310,0,0,6.12178110e-01,-8.41069172e-01,-2.41667461e+01
91,211,0,0,-3.56023199e-02,7.25986916e-02,-1.16453333e+00
91,-211,0,0,2.82198368e-01,-8.95732759e-01,-9.64243032e+00
91,-2112,0,0,-3.98456716e-02,4.27515617e-02,-3.49815676e+00
91,211,0,0,-3.45258777e-01,4.62339555e-01,-1.31197687e+01
91,-211,0,0,-5.00341059e-01,1.61529389e-01,-5.35036858e+00
91,-321,0,0,3.87175674e-02,5.84275313e-02,-6.03356411e+00
91,130,0,0,-1.66802026e-01,5.29167412e-01,-9.11947229e+00
91,310,0,0,-5.96667135e-02,8.79452349e-02,-4.67244811e+00
91,130,0,0,-2.40032546e-01,1.05549147e-01,-8.02927347e+00
91,-321,0,0,-2.19269804e-01,2.75661761e-01,-1.14047122e+01
91,211,0,0,2.59026766e-01,5.12682901e-01,-9.50841685e+00
91,211,0,0,8.21753411e-02,4.76146505e-01,-1.35600285e+01
91,310,0,0,2.44945073e-01,4.20751704e-01,-1.25690248e+01
91,-211,0,0,3.13703755e-01,3.02659353e-01,-4.49601849e+00
91,211,0,0,7.28382746e-02,-8.41002422e-02,-4.01185160e+00
91,2112,0,0,-9.23844967e-02,3.93365820e-01,-1.44055519e+01
91,211,0,0,2.51663476e-01,2.09207652e-01,-8.51017997e+00
91,-2112,0,0,-5.32475216e-01,2.93154593e-02,-8.79939356e+00
91,211,0,0,-5.71841418e-01,-3.18501521e-01,-2.07060219e+01
91,321,0,0,-2.55003441e-01,-2.57950063e-01,-2.41482865e+01
91,-211,0,0,-2.75429223e-01,8.25487841e-02,-3.91949476e+00
91,211,0,0,2.29729418e-01,1.49088750e-01,-3.62718493e+00
91,211,0,0,-4.81605862e-01,-3.07649928e-01,-1.80331326e+01
91,-2212,0,0,7.86379883e-01,-1.10770605e-01,-2.74194059e+01
91,211,0,0,5.65912331e-01,-6.42647785e-01,-1.33146047e+01
91,-211,0,0,3.01710691e-01,-2.89614316e-01,-1.79771430e+01
91,211,0,0,-9.91100174e-01,1.20611186e+00,-6.17194985e+01
91,-211,0,0,2.30051678e-01,-3.71922020e-02,-9.27703535e+00
91,321,0,0,-2.39721042e-01,-3.21142749e-02,-2.38810323e+00
91,-211,0,0,2.29789000e-01,1.97709027e-01,-2.21068100e+01
91,2212,0,0,-3.62984424e-01,-8.71965965e-02,-3.82798028e+00
91,211,0,0,-3.42353920e-02,-2.92173126e-01,-3.22333628e+00
91,321,0,0,3.19833900e-01,5.09888644e-02,-8.30599497e+00
91,211,0,0,4.31588191e-01,4.73484679e-01,-1.02036614e+01
91,130,0,0,1.98794940e+00,-8.76937124e-01,-2.85027589e+01
91,211,0,0,5.44094004e-01,-1.58485339e-01,-2.35523763e+01
91,-211,0,0,-1.10842922e-01,-9.46704324e-02,-5.57683268e+00
91,130,0,0,1.88662690e+00,1.56430905e+00,-4.99509158e+01
91,130,0,0,-4.30174617e-01,5.18224158e-01,-1.47961251e+01
91,130,0,0,-1.06540894e+00,1.39807818e+00,-6.68895842e+01
91,-211,0,0,-1.76884294e-02,2.73418143e-01,-3.62956838e+00
91,-211,0,0,2.40369296e-01,-9.45812286e-01,-3.10759199e+01
91,-211,0,0,6.28157303e-01,-6.44870357e-01,-2.12698445e+01
91,211,0,0,-3.07073507e-01,-6.81506671e-02,-5.79802091e+00
91,2112,0,0,-1.75204962e-01,-9.66898723e-02,-2.99317317e+00
91,-2112,0,0,1.68885158e-01,-4.11337977e-01,-2.14668017e+01
91,211,0,0,5.72459985e-02,1.92182178e-01,-3.62635808e+00
91,211,0,0,-5.45013807e-01,1.25682130e-01,-3.67779310e+01
91,310,0,0,-1.03611883e-02,-1.79134895e-01,-1.08063316e+01
91,-211,0,0,2.61669545e-03,5.08851962e-02,-4.23063953e+00
91,211,0,0,-2.88494364e-01,5.32550501e-01,-1.73815641e+01
91,-211,0,0,6.07204574e-01,8.65880037e-02,-2.85116790e+01
91,-2112,0,0,3.96917553e-01,2.58822681e-01,-3.71811169e+01
91,211,0,0,-3.75758491e-01,1.91805512e-01,-7.39769589e+00
91,130,0,0,9.53028577e-02,4.28189777e-02,-2.64134350e+00
91,-321,0,0,-6.31661009e-01,-2.40363640e-01,-1.33856580e+01
91,211,0,0,-8.13292313e-01,-1.92265445e-01,-2.40319225e+01
91,211,0,0,1.11409241e+00,-7.28099068e-02,-3.05407967e+01
91,-211,0,0,1.39104708e-01,-5.25845563e-01,-9.50480639e+00
91,-211,0,0,-6.46135733e-02,-2.41808944e-01,-1.41415195e+01
91,211,0,0,-7.89601889e-01,7.24876844e-02,-1.68992497e+01
91,-211,0,0,4.46943389e-02,1.51302097e-01,-1.09118682e+01
91,211,0,0,-1.01720474e-01,-5.23578557e-01,-1.45351947e+01
91,211,0,0,9.80332140e-02,3.81418985e-01,-2.77775298e+01
91,2112,0,0,7.55740898e-01,7.09874774e-01,-2.27059468e+01
91,-211,0,0,3.42150875e-01,-9.46540073e-03,-6.89812066e+00
91,211,0,0,3.63640783e-03,-4.25837119e-02,-1.87576431e+00
91,310,0,0,1.08713234e+00,-1.30467790e+00,-3.44917155e+01
91,-211,0,0,3.42502171e-01,-6.19471459e-01,-8.84013771e+00
91,-321,0,0,-2.44564278e-01,-6.89552718e-01,-1.52437603e+01
91,211,0,0,-6.28361324e-02,-4.59885581e-01,-1.36340571e+01
91,211,0,0,-3.45273367e-01,-2.95312703e-01,-6.88195721e+00
91,211,0,0,1.75365242e-01,6.84635448e-01,-1.52506232e+01
91,-211,0,0,3.40059287e-01,-1.21664986e-01,-8.84244942e+00
91,-211,0,0,1.25459142e+00,1.46328801e+00,-8.14619626e+01
91,211,0,0,-1.01487888e-01,7.62327492e-01,-3.16464702e+01
91,211,0,0,1.54221426e-01,3.02767526e-01,-2.74017343e+01
91,-211,0,0,1.77017977e-01,3.28463342e-01,-2.93275805e+01
91,-211,0,0,-3.11455511e-01,-1.30942010e-01,-2.22990082e+01
91,310,0,0,1.34460527e-01,-5.28422288e-01,-8.21168011e+00
91,-2112,0,0,3.37720836e-01,1.90427270e-01,-4.77756551e+00
91,211,0,0,-8.47247836e-02,1.78643134e-01,-2.89497251e+00
91,-211,0,0,5.12383435e-01,-2.92438713e-01,-4.76089304e+01
91,211,0,0,-4.25031207e-01,4.15452136e-01,-9.45355988e+00
